Cód;Causa;ene-19;feb-19;mar-19;abr-19;may-19;jun-19;jul-19;ago-19;sept-19;oct-19;nov-19;dic-19;ene-20;feb-20;mar-20;abr-20;may-20;jun-20;jul-20;ago-20;sept-20;oct-20;nov-20;dic-20;ene-21;feb-21;mar-21;abr-21;may-21;jun-21;jul-21;ago-21;sept-21;oct-21;nov-21;dic-21;ene-22;feb-22;mar-22;abr-22;may-22;jun-22;jul-22;ago-22;sept-22;oct-22;nov-22;dic-22;ene-23;feb-23;mar-23;abr-23;may-23;jun-23;jul-23;ago-23;sept-23;oct-23;nov-23;dic-23;ene-24;feb-24;mar-24;abr-24;may-24;jun-24;;;;;;;;;;;;;;;;;;;;;;;;;;;;;;;;;;;;;;;;;;;;;;;;;;;;;;;;;;;;;;;;;;;;;;;
0105;Accesibilidad;5;3;3;6;6;6;9;12;6;6;4;9;16;11;3;2;1;8;10;5;8;7;5;7;3;6;8;8;6;11;18;3;10;3;9;6;3;9;3;1;9;2;4;5;5;23;8;10;3;9;3;1;9;2;4;5;5;23;8;10;7;14;19;4;7;4;;;;;;;;;;;;;;;;;;;;;;;;;;;;;;;;;;;;;;;;;;;;;;;;;;;;;;;;;;;;;;;;;;;;;;;
0106;Accesibilidad PMR;13;24;14;18;20;11;12;10;17;22;23;17;29;18;8;0;1;2;4;8;1;3;2;9;1;10;6;3;7;10;9;10;12;11;5;9;6;5;13;12;10;8;4;10;11;6;7;11;6;5;13;12;10;8;4;10;11;6;7;11;9;15;10;7;12;8;;;;;;;;;;;;;;;;;;;;;;;;;;;;;;;;;;;;;;;;;;;;;;;;;;;;;;;;;;;;;;;;;;;;;;;
0114;Acceso con animales y objetos;7;9;11;15;9;10;5;9;13;10;9;9;9;10;4;2;2;4;7;6;6;44;5;6;7;4;9;8;9;5;7;1;12;6;6;3;7;3;9;3;10;17;8;7;5;12;5;4;7;3;9;3;10;17;8;7;5;12;5;4;11;10;12;14;9;16;;;;;;;;;;;;;;;;;;;;;;;;;;;;;;;;;;;;;;;;;;;;;;;;;;;;;;;;;;;;;;;;;;;;;;;
0701;Accidentes;41;49;62;44;39;45;18;6;26;29;19;16;24;21;8;1;9;7;6;6;7;6;16;7;24;7;5;4;10;10;12;9;9;8;12;13;9;11;16;12;7;15;5;12;13;29;16;20;9;11;16;12;7;15;5;12;13;29;16;20;23;22;29;10;21;26;;;;;;;;;;;;;;;;;;;;;;;;;;;;;;;;;;;;;;;;;;;;;;;;;;;;;;;;;;;;;;;;;;;;;;;
0613;Actividades molestas de otros clientes;6;6;6;12;8;13;8;4;9;13;9;5;8;4;5;1;2;4;8;6;4;2;3;1;0;1;2;3;0;5;3;2;3;7;7;1;1;1;2;3;7;12;6;3;4;4;3;3;1;1;2;3;7;12;6;3;4;4;3;3;9;10;7;12;9;8;;;;;;;;;;;;;;;;;;;;;;;;;;;;;;;;;;;;;;;;;;;;;;;;;;;;;;;;;;;;;;;;;;;;;;;
0612;Actividades molestas por obras y trabajos red;2;2;1;0;1;2;4;3;1;3;1;0;2;2;2;0;2;1;2;2;1;1;2;2;0;0;1;0;0;2;4;2;3;2;1;3;1;1;2;0;0;0;0;2;1;0;0;0;1;1;2;0;0;0;0;2;1;0;0;0;3;0;5;8;3;2;;;;;;;;;;;;;;;;;;;;;;;;;;;;;;;;;;;;;;;;;;;;;;;;;;;;;;;;;;;;;;;;;;;;;;;
0704;Actividades no permitidas en metro;25;21;25;15;15;19;20;14;20;22;22;24;22;14;13;9;11;14;19;45;49;54;52;27;43;29;24;23;31;33;42;37;25;29;29;36;17;21;26;35;151;223;263;153;152;226;200;181;17;21;26;35;151;223;263;153;152;226;200;181;18;19;18;21;18;11;;;;;;;;;;;;;;;;;;;;;;;;;;;;;;;;;;;;;;;;;;;;;;;;;;;;;;;;;;;;;;;;;;;;;;;
0206;Adquisición título externa metro;64;50;58;55;62;57;64;45;68;44;43;54;66;59;394;135;137;106;79;53;64;49;45;56;64;51;29;39;37;37;24;40;33;50;39;52;52;47;44;44;53;38;34;43;63;83;63;75;52;47;44;44;53;38;34;43;63;83;63;75;108;82;77;89;120;85;;;;;;;;;;;;;;;;;;;;;;;;;;;;;;;;;;;;;;;;;;;;;;;;;;;;;;;;;;;;;;;;;;;;;;;
0901;Ajenas a metro;6;7;13;13;10;8;14;6;13;5;10;16;14;12;14;7;3;11;5;6;15;9;13;7;15;11;9;93;5;7;1;11;3;6;6;7;11;7;17;3;15;8;4;11;8;6;8;7;11;7;17;3;15;8;4;11;8;6;8;7;12;7;8;9;11;10;;;;;;;;;;;;;;;;;;;;;;;;;;;;;;;;;;;;;;;;;;;;;;;;;;;;;;;;;;;;;;;;;;;;;;;
0501;Atención de agente;44;40;57;62;53;65;54;41;49;55;38;40;40;40;28;4;16;24;26;29;24;24;31;31;35;24;35;27;27;24;34;24;26;19;34;43;32;38;43;30;37;36;27;38;55;28;43;42;32;38;43;30;37;36;27;38;55;28;43;42;50;42;29;35;45;37;;;;;;;;;;;;;;;;;;;;;;;;;;;;;;;;;;;;;;;;;;;;;;;;;;;;;;;;;;;;;;;;;;;;;;;
0503;Atención de personal contratado;1;2;3;3;2;0;3;0;4;4;1;2;0;1;1;0;0;0;1;2;0;0;1;1;6;2;2;3;1;1;0;1;2;3;1;3;1;3;2;0;1;0;1;1;3;3;3;3;1;3;2;0;1;0;1;1;3;3;3;3;2;4;0;2;1;2;;;;;;;;;;;;;;;;;;;;;;;;;;;;;;;;;;;;;;;;;;;;;;;;;;;;;;;;;;;;;;;;;;;;;;;
0502;Atención de personal seguridad;14;15;25;26;19;25;22;19;20;25;13;16;13;14;9;9;11;25;19;16;15;15;15;13;20;11;20;10;24;20;12;9;8;10;15;14;17;15;20;20;22;35;16;21;20;23;12;19;17;15;20;20;22;35;16;21;20;23;12;19;8;12;16;22;21;9;;;;;;;;;;;;;;;;;;;;;;;;;;;;;;;;;;;;;;;;;;;;;;;;;;;;;;;;;;;;;;;;;;;;;;;
0505;Canje cambio de tarifa;0;0;0;0;0;0;0;0;0;0;0;0;0;0;0;0;0;0;0;0;0;0;0;0;0;0;0;0;0;0;0;0;0;0;0;0;0;0;0;0;0;0;0;0;0;0;0;0;0;0;0;0;0;0;0;0;0;0;0;0;0;0;0;0;0;0;;;;;;;;;;;;;;;;;;;;;;;;;;;;;;;;;;;;;;;;;;;;;;;;;;;;;;;;;;;;;;;;;;;;;;;
0506;Canje títulos defectuosos;0;0;0;0;0;0;0;0;0;0;0;0;0;0;0;0;0;0;0;0;0;0;0;0;0;0;0;0;0;0;0;0;0;0;0;0;0;0;0;0;0;0;0;0;0;0;0;0;0;0;0;0;0;0;0;0;0;0;0;0;0;0;0;0;0;0;;;;;;;;;;;;;;;;;;;;;;;;;;;;;;;;;;;;;;;;;;;;;;;;;;;;;;;;;;;;;;;;;;;;;;;
0107;Cobertura;1;2;3;0;0;0;2;1;0;2;3;1;0;0;2;1;0;0;2;0;0;1;0;0;0;1;1;1;0;1;0;0;0;0;1;0;0;3;0;1;1;2;3;0;2;4;6;2;0;3;0;1;1;2;3;0;2;4;6;2;2;3;1;7;1;0;;;;;;;;;;;;;;;;;;;;;;;;;;;;;;;;;;;;;;;;;;;;;;;;;;;;;;;;;;;;;;;;;;;;;;;
0507;Compensación económica;18;18;18;18;17;12;55;124;96;46;22;22;20;22;0;4;2;8;3;7;9;10;7;4;9;2;6;17;8;7;25;6;3;13;4;19;9;14;43;17;23;14;20;19;19;18;16;46;9;14;43;17;23;14;20;19;19;18;16;46;0;0;0;0;0;0;;;;;;;;;;;;;;;;;;;;;;;;;;;;;;;;;;;;;;;;;;;;;;;;;;;;;;;;;;;;;;;;;;;;;;;
0601;Conservación estaciones;9;8;8;8;7;5;4;24;12;13;14;13;12;10;2;1;0;5;4;5;7;9;10;8;6;5;4;2;3;3;0;9;19;13;5;4;4;1;8;4;3;3;5;3;2;6;3;12;4;1;8;4;3;3;5;3;2;6;3;12;8;10;9;5;3;5;;;;;;;;;;;;;;;;;;;;;;;;;;;;;;;;;;;;;;;;;;;;;;;;;;;;;;;;;;;;;;;;;;;;;;;
0602;Conservación trenes;5;4;5;4;4;1;12;3;11;9;9;2;2;5;1;0;0;0;0;0;0;0;2;1;1;5;1;0;2;1;0;5;3;2;2;1;1;1;1;2;1;3;2;0;2;4;2;6;1;1;1;2;1;3;2;0;2;4;2;6;3;5;6;4;6;2;;;;;;;;;;;;;;;;;;;;;;;;;;;;;;;;;;;;;;;;;;;;;;;;;;;;;;;;;;;;;;;;;;;;;;;
0801;Contaminación acústica;5;5;10;9;5;10;15;7;5;6;3;4;6;9;15;10;17;31;11;10;12;10;18;13;15;11;5;10;12;7;17;13;16;8;11;17;14;17;7;17;20;17;8;14;22;26;12;10;14;17;7;17;20;17;8;14;22;26;12;10;12;23;4;22;29;17;;;;;;;;;;;;;;;;;;;;;;;;;;;;;;;;;;;;;;;;;;;;;;;;;;;;;;;;;;;;;;;;;;;;;;;
0108;Correspondencia entre trenes;10;4;8;11;8;12;10;17;16;4;9;1;6;4;2;2;0;4;1;7;8;2;5;1;1;3;1;3;2;2;2;2;1;1;5;7;3;5;2;1;5;10;7;4;10;3;10;7;3;5;2;1;5;10;7;4;10;3;10;7;7;5;4;5;10;3;;;;;;;;;;;;;;;;;;;;;;;;;;;;;;;;;;;;;;;;;;;;;;;;;;;;;;;;;;;;;;;;;;;;;;;
0504;Disponibilidad de personal;34;38;33;29;23;27;39;43;57;38;19;14;7;11;8;6;5;11;11;9;16;13;9;11;3;7;5;6;10;6;9;3;9;9;9;6;5;2;5;8;8;26;20;18;16;10;15;16;5;2;5;8;8;26;20;18;16;10;15;16;17;13;10;19;21;26;;;;;;;;;;;;;;;;;;;;;;;;;;;;;;;;;;;;;;;;;;;;;;;;;;;;;;;;;;;;;;;;;;;;;;;
0306;Disponibilidad e información web/app;16;9;6;12;4;2;10;13;12;9;5;3;8;5;0;2;1;0;3;3;2;2;1;3;1;0;2;4;0;3;2;4;3;2;6;0;0;2;4;5;0;3;0;3;1;1;1;2;0;2;4;5;0;3;0;3;1;1;1;2;4;1;1;3;2;3;;;;;;;;;;;;;;;;;;;;;;;;;;;;;;;;;;;;;;;;;;;;;;;;;;;;;;;;;;;;;;;;;;;;;;;
0508;Emisión de recibo;3;7;5;1;3;1;3;2;5;3;3;2;9;3;2;1;0;2;1;0;1;1;1;0;0;0;1;1;0;2;2;0;1;0;1;2;0;1;2;4;2;1;0;1;3;4;1;3;0;1;2;4;2;1;0;1;3;4;1;3;0;0;0;0;0;0;;;;;;;;;;;;;;;;;;;;;;;;;;;;;;;;;;;;;;;;;;;;;;;;;;;;;;;;;;;;;;;;;;;;;;;
0509;Emisión justificantes servicio;7;8;11;34;13;9;14;10;7;21;13;14;7;11;1;0;0;2;0;4;8;3;5;5;11;0;5;3;3;1;4;3;2;4;4;10;7;5;7;3;5;10;7;2;11;18;14;14;7;5;7;3;5;10;7;2;11;18;14;14;0;0;0;0;0;0;;;;;;;;;;;;;;;;;;;;;;;;;;;;;;;;;;;;;;;;;;;;;;;;;;;;;;;;;;;;;;;;;;;;;;;
0902;Fraude;2;1;1;0;1;0;1;0;0;1;0;1;0;1;1;0;0;0;1;2;0;1;0;0;1;0;0;0;2;0;0;0;0;1;0;0;1;0;1;2;0;0;0;0;0;2;0;0;1;0;1;2;0;0;0;0;0;2;0;0;1;3;0;0;1;0;;;;;;;;;;;;;;;;;;;;;;;;;;;;;;;;;;;;;;;;;;;;;;;;;;;;;;;;;;;;;;;;;;;;;;;
0101;Frecuencia de trenes;188;518;395;361;203;528;2.772;2.012;1.533;670;640;201;185;179;142;112;126;194;594;716;579;164;143;131;131;52;45;27;26;58;192;82;119;76;111;83;39;50;54;78;145;122;151;231;149;152;96;99;39;50;54;78;145;122;151;231;149;152;96;99;182;141;137;160;154;158;;;;;;;;;;;;;;;;;;;;;;;;;;;;;;;;;;;;;;;;;;;;;;;;;;;;;;;;;;;;;;;;;;;;;;;
0201;Funcionamiento ascensores;49;36;27;21;48;57;97;46;99;87;77;44;18;22;15;4;3;5;14;10;16;10;11;11;3;7;6;9;9;9;7;2;9;27;29;18;17;29;12;15;13;19;17;5;10;19;22;47;17;29;12;15;13;19;17;5;10;19;22;47;34;44;21;39;30;13;;;;;;;;;;;;;;;;;;;;;;;;;;;;;;;;;;;;;;;;;;;;;;;;;;;;;;;;;;;;;;;;;;;;;;;
0305;Funcionamiento equipos de información;10;8;11;13;9;10;22;10;26;26;12;2;9;9;5;1;1;3;6;7;8;10;5;8;0;5;10;16;7;11;7;5;12;8;11;6;8;17;7;6;15;9;11;12;12;9;6;2;8;17;7;6;15;9;11;12;12;9;6;2;12;20;15;19;13;10;;;;;;;;;;;;;;;;;;;;;;;;;;;;;;;;;;;;;;;;;;;;;;;;;;;;;;;;;;;;;;;;;;;;;;;
0204;Funcionamiento equipos de venta;77;47;49;56;33;46;68;31;45;60;50;64;52;35;23;11;14;28;24;21;18;30;36;46;50;30;34;38;31;33;42;38;29;34;41;61;52;43;62;37;47;55;68;65;60;60;42;64;52;43;62;37;47;55;68;65;60;60;42;64;50;40;35;30;33;27;;;;;;;;;;;;;;;;;;;;;;;;;;;;;;;;;;;;;;;;;;;;;;;;;;;;;;;;;;;;;;;;;;;;;;;
0202;Funcionamiento escaleras mecánicas;39;32;37;65;32;30;51;45;88;72;74;32;19;44;17;14;6;11;12;25;15;18;22;42;22;13;17;12;9;8;9;8;21;23;24;63;11;19;27;20;21;21;27;19;38;29;32;60;11;19;27;20;21;21;27;19;38;29;32;60;41;61;41;51;21;30;;;;;;;;;;;;;;;;;;;;;;;;;;;;;;;;;;;;;;;;;;;;;;;;;;;;;;;;;;;;;;;;;;;;;;;
0510;Funcionamiento interfonos;2;1;1;0;0;1;0;0;0;0;0;0;0;0;0;0;0;0;0;0;0;0;0;0;0;0;0;0;0;0;0;1;0;0;0;0;0;0;0;0;0;3;0;0;0;1;0;1;0;0;0;0;0;3;0;0;0;1;0;1;0;2;2;0;0;2;;;;;;;;;;;;;;;;;;;;;;;;;;;;;;;;;;;;;;;;;;;;;;;;;;;;;;;;;;;;;;;;;;;;;;;
0203;Funcionamiento torniquetes;21;54;65;42;29;16;20;11;19;26;15;19;11;13;5;1;1;4;1;3;1;11;10;6;8;5;2;8;9;9;5;5;9;8;4;6;8;6;6;17;7;11;12;22;11;16;8;16;8;6;6;17;7;11;12;22;11;16;8;16;11;16;13;29;16;7;;;;;;;;;;;;;;;;;;;;;;;;;;;;;;;;;;;;;;;;;;;;;;;;;;;;;;;;;;;;;;;;;;;;;;;
0103;Horario servicio;4;3;2;3;5;4;4;1;5;12;1;10;5;5;3;0;6;5;0;2;0;0;0;6;14;0;0;0;0;0;1;1;1;5;5;4;2;6;2;1;6;8;7;1;1;1;1;10;2;6;2;1;6;8;7;1;1;1;1;10;2;2;1;3;3;3;;;;;;;;;;;;;;;;;;;;;;;;;;;;;;;;;;;;;;;;;;;;;;;;;;;;;;;;;;;;;;;;;;;;;;;
0104;Horario servicio estaciones;0;0;0;0;0;0;0;0;0;0;0;0;0;0;0;29;33;33;0;0;0;0;0;0;4;0;0;0;0;0;0;0;0;0;0;0;0;0;0;0;0;0;0;0;0;0;0;0;0;0;0;0;0;0;0;0;0;0;0;0;0;0;0;0;0;0;;;;;;;;;;;;;;;;;;;;;;;;;;;;;;;;;;;;;;;;;;;;;;;;;;;;;;;;;;;;;;;;;;;;;;;
0404;Huelga;2;6;31;37;92;12;0;0;1;41;3;38;2;0;2;0;0;0;0;0;0;0;5;0;0;0;2;0;0;0;0;0;0;0;0;0;0;0;0;2;0;0;0;0;0;0;0;0;0;0;0;2;0;0;0;0;0;0;0;0;0;0;0;1;0;0;;;;;;;;;;;;;;;;;;;;;;;;;;;;;;;;;;;;;;;;;;;;;;;;;;;;;;;;;;;;;;;;;;;;;;;
0603;Iluminación estaciones;12;11;2;4;3;2;4;2;7;2;2;4;8;2;0;0;2;2;0;1;2;1;1;8;4;5;4;2;0;2;1;3;0;4;3;1;1;0;1;4;2;1;1;1;2;3;0;5;1;0;1;4;2;1;1;1;2;3;0;5;4;3;1;2;1;0;;;;;;;;;;;;;;;;;;;;;;;;;;;;;;;;;;;;;;;;;;;;;;;;;;;;;;;;;;;;;;;;;;;;;;;
0604;Iluminación trenes;0;0;0;0;2;0;8;0;2;2;1;0;0;0;0;0;0;0;0;0;0;0;0;0;1;0;0;0;1;0;0;0;0;0;0;1;0;0;0;1;1;1;0;0;0;0;0;0;0;0;0;1;1;1;0;0;0;0;0;0;1;1;0;0;0;0;;;;;;;;;;;;;;;;;;;;;;;;;;;;;;;;;;;;;;;;;;;;;;;;;;;;;;;;;;;;;;;;;;;;;;;
0402;Incidencias en el servicio ajenas;50;130;51;33;29;8;5;27;12;7;14;6;3;7;0;0;0;2;5;3;8;2;1;1;11;1;6;11;4;3;5;2;14;3;4;7;4;3;9;2;1;7;10;2;1;2;7;24;4;3;9;2;1;7;10;2;1;2;7;24;1;6;0;0;5;5;;;;;;;;;;;;;;;;;;;;;;;;;;;;;;;;;;;;;;;;;;;;;;;;;;;;;;;;;;;;;;;;;;;;;;;
0401;Incidencias en el servicio propias;96;182;200;204;97;75;136;53;170;262;100;74;65;126;18;1;27;23;10;33;32;46;34;37;47;13;10;16;22;15;30;14;13;47;61;62;23;20;48;25;45;40;33;19;51;64;37;81;23;20;48;25;45;40;33;19;51;64;37;81;52;65;74;49;66;19;;;;;;;;;;;;;;;;;;;;;;;;;;;;;;;;;;;;;;;;;;;;;;;;;;;;;;;;;;;;;;;;;;;;;;;
0301;Información general de la red;5;1;7;6;2;0;4;3;7;3;2;4;2;3;2;1;1;1;2;2;2;0;1;0;2;1;0;2;0;2;1;0;0;2;1;2;0;1;2;4;1;1;0;6;2;1;0;3;0;1;2;4;1;1;0;6;2;1;0;3;2;0;0;1;0;0;;;;;;;;;;;;;;;;;;;;;;;;;;;;;;;;;;;;;;;;;;;;;;;;;;;;;;;;;;;;;;;;;;;;;;;
0302;Información para seguir la ruta;5;3;1;7;6;5;7;5;5;1;3;3;7;4;1;1;0;1;3;3;1;0;2;1;1;2;0;1;0;1;23;4;3;6;4;2;6;8;15;6;6;4;4;7;3;3;4;9;6;8;15;6;6;4;4;7;3;3;4;9;5;5;4;6;5;7;;;;;;;;;;;;;;;;;;;;;;;;;;;;;;;;;;;;;;;;;;;;;;;;;;;;;;;;;;;;;;;;;;;;;;;
0303;Información sobre incidencias;17;20;20;11;19;15;41;13;41;35;28;9;12;37;5;0;1;2;3;7;7;4;3;5;7;0;3;4;0;4;6;0;2;4;8;10;4;2;3;6;10;9;4;1;13;9;2;12;4;2;3;6;10;9;4;1;13;9;2;12;7;12;12;10;18;8;;;;;;;;;;;;;;;;;;;;;;;;;;;;;;;;;;;;;;;;;;;;;;;;;;;;;;;;;;;;;;;;;;;;;;;
0304;Información teleindicadores;3;3;9;5;6;5;24;42;20;5;1;1;5;6;3;3;0;2;1;9;2;1;1;0;0;0;1;2;0;2;4;5;3;0;2;1;1;4;1;2;2;3;1;3;2;4;2;1;1;4;1;2;2;3;1;3;2;4;2;1;4;2;8;4;2;7;;;;;;;;;;;;;;;;;;;;;;;;;;;;;;;;;;;;;;;;;;;;;;;;;;;;;;;;;;;;;;;;;;;;;;;
0703;Intervenciones y recargos;74;59;76;76;50;73;63;28;51;73;86;60;95;136;47;0;3;2;5;3;4;6;11;9;5;29;35;32;24;24;18;12;11;14;25;9;19;29;31;25;32;77;60;41;73;70;102;46;19;29;31;25;32;77;60;41;73;70;102;46;97;126;94;93;82;75;;;;;;;;;;;;;;;;;;;;;;;;;;;;;;;;;;;;;;;;;;;;;;;;;;;;;;;;;;;;;;;;;;;;;;;
0605;Limpieza estaciones;14;11;11;8;5;7;22;15;15;10;8;3;14;7;1;3;6;7;12;7;5;6;2;7;27;6;7;3;7;5;7;7;3;4;2;5;7;6;3;6;3;10;10;4;5;3;3;4;7;6;3;6;3;10;10;4;5;3;3;4;5;11;11;7;7;11;;;;;;;;;;;;;;;;;;;;;;;;;;;;;;;;;;;;;;;;;;;;;;;;;;;;;;;;;;;;;;;;;;;;;;;
0606;Limpieza trenes;1;3;1;2;2;1;3;9;3;3;1;0;2;1;3;4;1;2;5;3;1;3;4;2;7;4;1;2;0;4;0;0;2;4;1;3;3;2;1;1;3;2;8;1;1;0;3;1;3;2;1;1;3;2;8;1;1;0;3;1;1;2;1;5;3;4;;;;;;;;;;;;;;;;;;;;;;;;;;;;;;;;;;;;;;;;;;;;;;;;;;;;;;;;;;;;;;;;;;;;;;;
0999;Nulas;0;1;0;0;0;0;0;0;0;0;0;0;0;0;0;0;1;0;0;0;0;0;0;0;0;0;0;0;0;0;0;0;0;0;0;0;0;0;0;0;0;0;0;0;0;0;0;0;0;0;0;0;0;0;0;0;0;0;0;0;0;0;0;0;0;0;;;;;;;;;;;;;;;;;;;;;;;;;;;;;;;;;;;;;;;;;;;;;;;;;;;;;;;;;;;;;;;;;;;;;;;
0109;Número equipos de venta;1;4;3;0;5;6;0;1;2;3;5;1;6;0;2;0;0;0;0;0;0;0;0;0;0;0;0;0;0;0;0;0;0;0;0;0;0;1;1;0;1;0;0;1;0;0;0;1;0;1;1;0;1;0;0;1;0;0;0;1;0;0;0;0;0;0;;;;;;;;;;;;;;;;;;;;;;;;;;;;;;;;;;;;;;;;;;;;;;;;;;;;;;;;;;;;;;;;;;;;;;;
0110;Oferta funciones equipos de venta;5;3;6;4;6;9;7;8;7;4;7;3;1;6;1;1;0;0;1;3;3;0;1;1;2;3;3;5;5;3;5;3;3;5;3;3;7;4;6;7;4;5;7;3;6;6;6;5;7;4;6;7;4;5;7;3;6;6;6;5;3;2;4;2;2;1;;;;;;;;;;;;;;;;;;;;;;;;;;;;;;;;;;;;;;;;;;;;;;;;;;;;;;;;;;;;;;;;;;;;;;;
0111;Oferta servicios complementarios;6;11;4;12;7;11;20;1;16;9;10;6;15;7;5;0;0;3;3;6;2;4;4;5;4;4;3;10;3;2;6;1;7;4;4;11;711;4;4;9;6;12;14;5;11;46;13;15;711;4;4;9;6;12;14;5;11;46;13;15;8;19;3;22;11;3;;;;;;;;;;;;;;;;;;;;;;;;;;;;;;;;;;;;;;;;;;;;;;;;;;;;;;;;;;;;;;;;;;;;;;;
0403;Operación - maniobras;89;44;79;275;46;55;61;36;65;49;42;33;41;50;16;9;13;17;28;32;33;26;21;20;12;22;21;20;17;13;33;13;25;33;42;35;21;30;22;13;31;31;26;18;24;39;55;33;21;30;22;13;31;31;26;18;24;39;55;33;62;63;35;48;57;38;;;;;;;;;;;;;;;;;;;;;;;;;;;;;;;;;;;;;;;;;;;;;;;;;;;;;;;;;;;;;;;;;;;;;;;
0299;Otros. Accesibilidad;2;3;0;0;2;0;0;0;0;0;4;2;4;2;0;0;0;1;0;14;48;125;87;47;36;27;4;5;5;1;15;0;4;6;4;0;3;3;0;6;6;7;2;2;2;7;5;10;3;3;0;6;6;7;2;2;2;7;5;10;6;1;8;9;14;11;;;;;;;;;;;;;;;;;;;;;;;;;;;;;;;;;;;;;;;;;;;;;;;;;;;;;;;;;;;;;;;;;;;;;;;
0599;Otros. Atención al cliente;3;5;8;7;3;4;6;9;7;4;2;7;2;4;3;4;3;3;3;0;3;3;4;2;1;9;3;0;4;5;6;1;4;1;3;4;1;2;2;0;0;1;1;0;3;4;3;4;1;2;2;0;0;1;1;0;3;4;3;4;1;1;3;5;2;0;;;;;;;;;;;;;;;;;;;;;;;;;;;;;;;;;;;;;;;;;;;;;;;;;;;;;;;;;;;;;;;;;;;;;;;
0699;Otros. Confort;8;11;5;6;3;7;10;1;8;6;10;14;6;3;1;1;0;8;6;13;11;1;5;6;5;4;2;7;4;1;1;4;4;1;1;3;1;2;2;1;3;3;3;2;5;1;3;3;1;2;2;1;3;3;3;2;5;1;3;3;4;2;1;2;1;1;;;;;;;;;;;;;;;;;;;;;;;;;;;;;;;;;;;;;;;;;;;;;;;;;;;;;;;;;;;;;;;;;;;;;;;
0499;Otros. Explotación;0;0;0;0;0;0;0;1;0;0;0;0;0;1;0;0;0;0;0;0;0;0;3;3;0;0;0;0;0;0;1;0;0;0;0;9;0;0;0;0;0;0;0;0;0;0;2;9;0;0;0;0;0;0;0;0;0;0;2;9;0;0;4;3;0;1;;;;;;;;;;;;;;;;;;;;;;;;;;;;;;;;;;;;;;;;;;;;;;;;;;;;;;;;;;;;;;;;;;;;;;;
0399;Otros. Información;4;5;3;6;3;3;4;1;7;1;3;2;9;7;4;4;7;6;12;4;11;4;2;5;1;3;1;0;4;2;5;1;1;6;5;4;1;0;2;3;6;6;11;4;1;6;5;6;1;0;2;3;6;6;11;4;1;6;5;6;11;5;6;11;4;3;;;;;;;;;;;;;;;;;;;;;;;;;;;;;;;;;;;;;;;;;;;;;;;;;;;;;;;;;;;;;;;;;;;;;;;
0899;Otros. Medio ambiente;4;14;6;9;7;5;4;9;21;8;5;4;6;1;85;21;78;103;110;38;1;1;1;1;1;3;2;1;2;1;1;2;2;0;1;2;0;4;0;0;0;0;0;2;0;0;2;0;0;4;0;0;0;0;0;2;0;0;2;0;1;1;0;3;2;1;;;;;;;;;;;;;;;;;;;;;;;;;;;;;;;;;;;;;;;;;;;;;;;;;;;;;;;;;;;;;;;;;;;;;;;
0799;Otros. Seguridad;0;0;0;0;2;1;4;1;0;0;1;0;2;0;0;0;0;0;0;0;0;0;1;0;0;0;0;0;0;0;2;1;0;1;0;0;0;0;0;0;0;0;0;0;0;0;0;0;0;0;0;0;0;0;0;0;0;0;0;0;0;0;2;0;0;0;;;;;;;;;;;;;;;;;;;;;;;;;;;;;;;;;;;;;;;;;;;;;;;;;;;;;;;;;;;;;;;;;;;;;;;
0199;Otros. Servicio ofertado;12;16;17;18;40;10;12;11;21;32;53;13;12;15;8;5;3;5;4;2;38;28;25;16;20;33;9;11;4;5;8;3;12;5;17;13;2;10;8;7;4;4;10;4;13;65;10;13;2;10;8;7;4;4;10;4;13;65;10;13;13;10;6;6;5;7;;;;;;;;;;;;;;;;;;;;;;;;;;;;;;;;;;;;;;;;;;;;;;;;;;;;;;;;;;;;;;;;;;;;;;;
0205;Pago electrónico;116;69;52;44;62;58;63;51;56;72;59;56;62;55;25;6;26;21;28;28;39;35;28;29;46;25;69;22;44;41;21;37;27;40;52;50;41;36;54;49;55;40;35;40;43;54;36;37;41;36;54;49;55;40;35;40;43;54;36;37;37;36;37;50;40;49;;;;;;;;;;;;;;;;;;;;;;;;;;;;;;;;;;;;;;;;;;;;;;;;;;;;;;;;;;;;;;;;;;;;;;;
0512;Respuesta reclamaciones;17;4;4;2;6;7;11;10;2;4;3;1;7;2;2;0;1;1;4;4;3;4;4;3;3;0;2;1;0;0;0;2;4;2;0;1;3;2;4;3;2;1;2;3;8;2;4;5;3;2;4;3;2;1;2;3;8;2;4;5;1;4;3;8;3;1;;;;;;;;;;;;;;;;;;;;;;;;;;;;;;;;;;;;;;;;;;;;;;;;;;;;;;;;;;;;;;;;;;;;;;;
0611;Ruido y vibraciones;2;4;3;2;3;4;6;2;3;3;5;1;0;3;3;0;0;0;1;1;1;1;0;2;2;3;2;0;2;1;0;2;1;0;0;2;0;1;1;1;6;3;3;1;5;0;2;1;0;1;1;1;6;3;3;1;5;0;2;1;2;2;4;2;1;2;;;;;;;;;;;;;;;;;;;;;;;;;;;;;;;;;;;;;;;;;;;;;;;;;;;;;;;;;;;;;;;;;;;;;;;
0702;Seguridad ciudadana;25;30;22;28;22;13;25;23;25;22;22;20;15;20;19;20;8;15;17;21;12;15;9;10;11;17;17;15;10;7;12;16;4;12;9;4;9;20;11;14;18;28;20;29;11;20;13;11;9;20;11;14;18;28;20;29;11;20;13;11;20;28;24;20;12;25;;;;;;;;;;;;;;;;;;;;;;;;;;;;;;;;;;;;;;;;;;;;;;;;;;;;;;;;;;;;;;;;;;;;;;;
0113;Servicios mínimos por huelga;0;0;1;0;2;0;0;0;0;0;0;0;0;0;0;0;0;0;0;0;0;0;0;0;0;0;0;0;0;0;0;0;0;0;0;0;0;0;0;0;0;0;0;0;0;0;0;0;0;0;0;0;0;0;0;0;0;0;0;0;0;0;0;0;0;0;;;;;;;;;;;;;;;;;;;;;;;;;;;;;;;;;;;;;;;;;;;;;;;;;;;;;;;;;;;;;;;;;;;;;;;
0112;Suspensión programada;1;0;1;3;0;2;4;13;3;1;1;2;179;53;2;2;0;1;0;1;0;0;0;0;1;0;0;1;0;77;97;40;4;0;0;0;0;28;29;16;11;0;3;45;36;0;7;109;0;28;29;16;11;0;3;45;36;0;7;109;0;13;67;6;4;3;;;;;;;;;;;;;;;;;;;;;;;;;;;;;;;;;;;;;;;;;;;;;;;;;;;;;;;;;;;;;;;;;;;;;;;
0102;Tarifas;22;19;22;17;14;17;27;19;23;20;13;16;25;22;14;5;2;5;10;7;14;6;5;4;22;5;3;7;5;4;5;13;7;13;7;7;7;8;11;13;9;11;10;19;19;12;9;14;7;8;11;13;9;11;10;19;19;12;9;14;11;6;13;12;7;10;;;;;;;;;;;;;;;;;;;;;;;;;;;;;;;;;;;;;;;;;;;;;;;;;;;;;;;;;;;;;;;;;;;;;;;
0607;Temperatura estaciones;0;0;0;0;1;5;46;17;14;3;3;0;0;2;0;0;0;1;3;6;0;0;0;0;0;0;0;0;0;0;0;0;5;4;1;0;0;0;0;0;0;1;12;7;3;2;6;0;0;0;0;0;0;1;12;7;3;2;6;0;0;0;0;0;1;1;;;;;;;;;;;;;;;;;;;;;;;;;;;;;;;;;;;;;;;;;;;;;;;;;;;;;;;;;;;;;;;;;;;;;;;
0608;Temperatura trenes;8;9;19;30;52;201;892;234;227;106;40;16;8;23;2;1;3;12;61;25;10;4;2;6;0;1;4;1;1;27;28;24;18;23;5;3;3;1;1;5;37;138;220;139;55;25;20;17;3;1;1;5;37;138;220;139;55;25;20;17;3;5;5;17;56;124;;;;;;;;;;;;;;;;;;;;;;;;;;;;;;;;;;;;;;;;;;;;;;;;;;;;;;;;;;;;;;;;;;;;;;;
0511;Tratamiento objetos perdidos;17;14;13;13;16;10;12;3;16;21;15;20;15;14;2;2;2;5;2;4;7;8;5;5;7;6;4;6;2;8;9;4;3;7;6;6;10;9;11;15;13;13;4;7;13;13;11;11;10;9;11;15;13;13;4;7;13;13;11;11;18;4;4;5;2;9;;;;;;;;;;;;;;;;;;;;;;;;;;;;;;;;;;;;;;;;;;;;;;;;;;;;;;;;;;;;;;;;;;;;;;;
0609;Ventilación estaciones;1;2;13;3;4;3;14;12;22;10;2;6;10;3;1;0;1;0;0;0;0;1;0;2;1;2;1;0;0;2;1;0;0;3;0;0;0;0;0;4;8;14;25;1;3;2;4;1;0;0;0;4;8;14;25;1;3;2;4;1;1;4;1;3;2;5;;;;;;;;;;;;;;;;;;;;;;;;;;;;;;;;;;;;;;;;;;;;;;;;;;;;;;;;;;;;;;;;;;;;;;;
0610;Ventilación trenes;0;0;0;0;0;2;3;4;12;5;0;3;1;0;1;0;0;1;0;0;2;15;16;5;7;5;5;3;2;0;4;0;2;2;3;0;1;1;0;0;1;4;1;2;1;1;2;1;1;1;0;0;1;4;1;2;1;1;2;1;1;3;2;7;1;2;;;;;;;;;;;;;;;;;;;;;;;;;;;;;;;;;;;;;;;;;;;;;;;;;;;;;;;;;;;;;;;;;;;;;;;